Workbook

Sheet PENDÊNCIAS
A1: ATIVIDADES | B1: RESPONSÁVEL | C1: PREVISÃO DE TÉRMINO | D1: DIAS ÚTEIS | E1: TEMPO TOTAL | F1: OBSERVAÇÃO | G1: MUST | H1: HOJE | I1: =TODAY() -> 45937 | J1: ANÁLISE MUST | K1: =SUM(G:G) -> 9
A2: Recomendação de 2xBCs ligados (+ máx Ugs sincronizadas) em Cerquilho para Média e Pesada, devido ao risco de subtensão na DIT CTEEP em perda dupla CER-BOT e CER-TOY | B2: Carol | F2: Conversar com o PAR para ver se eles já investigaram este problema
F3: Retirar o requisito de máx UG sincronizada no relatório - OK
A4: Avaliar faixas de reativo do CS Estreito em função das já existentes para os outros CS no Volume 9 | B4: Carol | F4: CS Estreito não tem influência sobre problema de colapso de tensão na malha de 500 kV do SE.
F5: Reavaliar após cálculo dos novos limites de RSUL utilizando tabelas de tempo de falha de comutação de 2024 (cenário Norte Exportador)
A6: Reavaliação da rede complementar | D6: -32812 | E6: -45937 | F6: Verificar: enviar solicitações de saída de equipamentos da rede complementar aos poucos ou no fim de todas as análises?
F7: LTs entre Baguaçu e Três Irmãos
A8: Recomendar desinstalação de SEPs para rede alterada | D8: -32812 | E8: -45937 | F8: TR Mogi Mirim 3, TRs Araraquara, UHE Ilha Solteira
A9: Reavaliar LTs recomendadas para desligamento para controle de tensão | B9: Carol | C9: 5/31/2025 | D9: -92 | E9: -129 | F9: Verificar impactos em função de RSUL
A10: PREOP + Superação NCC com anel São Caetano do Sul | B10: Alexandre/Marcos | C10: 9/30/2025 | D10: -6 | E10: -7 | F10: Andamento das análises de desempenho | G10: 2
A11: Avaliação da perda dupla que causa sobrecarga na transformação 440/138 kV de Bom Jardim por fluxo reativo | B11: Lucas | C11: 9/16/2025 | D11: -16 | E11: -21 | F11: Lucas já avaliou e a Entrada em operação do seccionamento de Fernão dias resolve o problema, faltou avaliarmos com o caso e carga do 1Q2026 | G11: 2
A12: Avaliar a possibilidade de usar a abertura do TR 345/230 kV de Baixada como medida de controle de curto-circuito] | B12: Marcos | C12: 10/20/2025 | D12: 10 | E12: 13 | F12: Avaliar a rede alterada quando todas máquinas despachadas e outras condições. | G12: 5
C13: 45885 | D13: =NETWORKDAYS.INTL(PENDÊNCIAS!$I$1,C13,1) -> -37 | E13: =C13-PENDÊNCIAS!$I$1 -> -52
C14: 45886 | D14: =NETWORKDAYS.INTL(PENDÊNCIAS!$I$1,C14,1) -> -37 | E14: =C14-PENDÊNCIAS!$I$1 -> -51
C15: 45887 | D15: =NETWORKDAYS.INTL(PENDÊNCIAS!$I$1,C15,1) -> -37 | E15: =C15-PENDÊNCIAS!$I$1 -> -50
C16: 45888 | D16: =NETWORKDAYS.INTL(PENDÊNCIAS!$I$1,C16,1) -> -36 | E16: =C16-PENDÊNCIAS!$I$1 -> -49
C17: 45889 | D17: =NETWORKDAYS.INTL(PENDÊNCIAS!$I$1,C17,1) -> -35 | E17: =C17-PENDÊNCIAS!$I$1 -> -48

Sheet CONCLUÍDOS 2025
A1: ATIVIDADES | B1: RESPONSÁVEL | C1: PREVISÃO DE TÉRMINO | D1: DIAS ÚTEIS | E1: TEMPO TOTAL | F1: OBSERVAÇÃO | G1: MUST | H1: HOJE | I1: =TODAY() -> 45937 | J1: ANÁLISE MUST | K1: =SUM(G:G) -> 126
A2: Aumento de MUST em 7 pontos, CPFL Piratininga, SP, SGA-SAM-0128/2024 | B2: Alexandre/Rafaella | C2: 45672 | D2: =NETWORKDAYS.INTL(PENDÊNCIAS!$I$1,C2,1) -> -190 | E2: =C2-PENDÊNCIAS!$I$1 -> -265 | G2: 7
A3: Aumento de MUST no ponto de contratação LUK - 138 kV (A), Elektro, SP, SGA-SAM-0132/2024 | B3: Rafaella | C3: 45684 | D3: =NETWORKDAYS.INTL(PENDÊNCIAS!$I$1,C3,1) -> -182 | E3: =C3-PENDÊNCIAS!$I$1 -> -253 | F3: Aprovado | G3: 1
A4: Aumento de MUST no ponto de contratação EMBRAPORT - 138 kV (A), CPFL Piratininga, SP, SGA-SAM-0133/2024 | B4: Rafaella | C4: 45684 | D4: =NETWORKDAYS.INTL(PENDÊNCIAS!$I$1,C4,1) -> -182 | E4: =C4-PENDÊNCIAS!$I$1 -> -253 | F4: Aprovado com ressalvas | G4: 1
A5: Aumento de MUST em 3 pontos, CPFL Paulista, SP, SGA-SAM-0003/2025 | B5: Alexandre | C5: 45700 | D5: =NETWORKDAYS.INTL(PENDÊNCIAS!$I$1,C5,1) -> -170 | E5: =C5-PENDÊNCIAS!$I$1 -> -237 | F5: pontos devem ficar limitados aos valores da RECON até a entrada do SSSC na LT 138 kV Ribeirão Preto – Porto Ferreira C1/C2, quando os valores solicitados poderão ser liberados, mas sem margem para outros aumentos que impactam nesta LT. Após o SSSC e estes valores de MUST a LT fica em 99/101% de carregamento | G5: 3
A6: MUST flexível no ponto CONPACEL - 138 kV (A), Elektro, SGA-SFX-0002/2025 | B6: Alexandre | C6: 45707 | D6: =NETWORKDAYS.INTL(PENDÊNCIAS!$I$1,C6,1) -> -165 | E6: =C6-PENDÊNCIAS!$I$1 -> -230 | F6: Vale ressaltar que em novembro/2024 a Elektro solicitou acesso flexível para o referido ponto de conexão e nos mesmos montantes apresentados, mas a solicitação foi negada. No momento, não existe CUST Flexível vigente para o referido ponto de contratação. Novamente negado | G6: 1
A7: Carta sobre indisponibilidade do TR1 230/88 kV SE Centro -CTR | B7: Carol | C7: 45709 | D7: =NETWORKDAYS.INTL(PENDÊNCIAS!$I$1,C7,1) -> -163 | E7: =C7-PENDÊNCIAS!$I$1 -> -228 | F7: Carta não emitida - ofício da ANEEL recebido em 24/02/2025
A8: Aumento de MUST no ponto ITATIBA - 138 kV, CPFL Piratininga, SGA-SAM-0007/2025 | B8: Alexandre | C8: 45712 | D8: =NETWORKDAYS.INTL(PENDÊNCIAS!$I$1,C8,1) -> -162 | E8: =C8-PENDÊNCIAS!$I$1 -> -225 | G8: 1
A9: Recomendar no mensal e SysPL desativação dos SEPs de controle de carregamento da LT 138 kV Bariri - Bauru podem ser desinstalados | B9: Rafaella | C9: 45713 | D9: =NETWORKDAYS.INTL(PENDÊNCIAS!$I$1,C9,1) -> -161 | E9: =C9-PENDÊNCIAS!$I$1 -> -224
A10: Recomendar no mensal desativação dos SEPs "ESQUEMA DE BLOQUEIO/DESBLOQUEIO AUTOMÁTICO DOS LTC DA TRANSFORMAÇÃO 345/88 KV DE SUL (1.09.49)" e "ESQUEMA PARA EVITAR SOBRECARGA NA LT 345 KV BAIXADA SANTISTA / TIJUCO PRETO (1.09.19)" após entrada do seccionamento da da LT 345 kV Ibiúna - Tijuco Preto | B10: Rafaella | C10: 45713 | D10: =NETWORKDAYS.INTL(PENDÊNCIAS!$I$1,C10,1) -> -161 | E10: =C10-PENDÊNCIAS!$I$1 -> -224
A11: Aumento de MUST no ponto ZANCHETTA - 138 kV (A), CPFL Piratininga, SGA-SAM-0010/2025 | B11: Alexandre | C11: 45713 | D11: =NETWORKDAYS.INTL(PENDÊNCIAS!$I$1,C11,1) -> -161 | E11: =C11-PENDÊNCIAS!$I$1 -> -224 | G11: 1
A12: Aumento de MUST em 12 pontos de contratação, Elektro Redes, SP, SGA-SAM-0013/2025 | B12: Alexandre | C12: 45714 | D12: =NETWORKDAYS.INTL(PENDÊNCIAS!$I$1,C12,1) -> -160 | E12: =C12-PENDÊNCIAS!$I$1 -> -223 | G12: 12
A13: Aumento de MUST no ponto EDGARD DE SOUZA - 88 kV, ENEL-SP, SGA-SAM-0016/2025, SGA-SAM-0017/2025 e SGA-SAM-0018/2025 | B13: Alexandre | C13: 45721 | D13: =NETWORKDAYS.INTL(PENDÊNCIAS!$I$1,C13,1) -> -155 | E13: =C13-PENDÊNCIAS!$I$1 -> -216 | F13: Data center | G13: 1
A14: NT e carta sobre proposta de realocação do TR da SE Manoel da Nóbrega para a SE Centro -CTR | B14: Carol | C14: 45728 | D14: =NETWORKDAYS.INTL(PENDÊNCIAS!$I$1,C14,1) -> -150 | E14: =C14-PENDÊNCIAS!$I$1 -> -209 | F14: Finalizado
A15: Aumento de MUST no ponto de conexão Da Mata - 138 kV, CPFL Paulista, SP, SGA-SAM-0023/2025 | B15: Carol | C15: 45734 | D15: =NETWORKDAYS.INTL(PENDÊNCIAS!$I$1,C15,1) -> -146 | E15: =C15-PENDÊNCIAS!$I$1 -> -203 | G15: 1
A16: Análise dos impactos da alteração de configuração da rede de distribuição entre Manoel da Nóbrega e Baixada Santista - E-mail Murilo 14/03/2025 | B16: Rafaella | C16: 45737 | D16: =NETWORKDAYS.INTL(PENDÊNCIAS!$I$1,C16,1) -> -143 | E16: =C16-PENDÊNCIAS!$I$1 -> -200 | F16: Diretrizes vigentes já contemplam as consequências.
A17: Alteração de MUST - ELEKTRO - Guariroba 1 138 kV - SP, SGA-SFX-0003/2025 | B17: Alexandre | C17: 45747 | D17: =NETWORKDAYS.INTL(PENDÊNCIAS!$I$1,C17,1) -> -137 | E17: =C17-PENDÊNCIAS!$I$1 -> -190 | G17: 1
A18: Aumento de MUST em 4 pontos de contratação, Elektro Redes, SP, SGA-SAM-0026/2025 | B18: Alexandre | C18: 45748 | D18: =NETWORKDAYS.INTL(PENDÊNCIAS!$I$1,C18,1) -> -136 | E18: =C18-PENDÊNCIAS!$I$1 -> -189 | G18: 4
A19: Avaliar medida operativa/SEP São João da Boa Vista II e impactos na RBF | B19: Carol | C19: 45698 | D19: =NETWORKDAYS.INTL(PENDÊNCIAS!$I$1,C19,1) -> -172 | E19: =C19-PENDÊNCIAS!$I$1 -> -239 | F19: Medida operativa já implantada pela CTEEP, SEP previsto para outubro de 2025 Verificar se SEP será operacionalizado - impactos para o TR 440/138 kV Bom Jardim
A20: Análise da configuração dos barramentos da SE Bariri devido sobrecarga no disjuntor de paralelo - E-mail da Isa Energia 17/03/2025 | B20: Carol | C20: 45733 | D20: =NETWORKDAYS.INTL(PENDÊNCIAS!$I$1,C20,1) -> -147 | E20: =C20-PENDÊNCIAS!$I$1 -> -204 | F20: Encaminhado para EGE
A21: Revisão da NT e carta da proposta de realocação do TR da SE Manoel da Nóbrega para a SE Centro -CTR devido novos dados de carga da Enel | B21: Carol | C21: 45758 | D21: =NETWORKDAYS.INTL(PENDÊNCIAS!$I$1,C21,1) -> -128 | E21: =C21-PENDÊNCIAS!$I$1 -> -179 | F21: OK
A22: Carta de atualização dos dados de remanejamento de carga da Enel e atualização da matriz de diagnóstico | B22: Alexandre | C22: 45755 | D22: =NETWORKDAYS.INTL(PENDÊNCIAS!$I$1,C22,1) -> -131 | E22: =C22-PENDÊNCIAS!$I$1 -> -182 | F22: MUDANÇAS NECESSÁRIAS NA MATRIZ DE DIAGNÓSTICO APÓS CONFIRMAÇÃO DOS DADOS DA ENEL-SP: Atualização de TODAS as cargas atendidas pré-contingência Atualização da carga não atendida pós-contingência: N-2 - LT 345 kV Guarulhos – Norte C1 e C2; N-2 - LT 345 kV Embu Guaçu – Sul e LT 345 kV Sul – Baixada Santista; N-2 - LT 345 kV Leste - Ramon R. Filho C1 e C2; N-1-1 - SE Bandeirantes 345/34,5 kV – 3 x 150 MVA; N-1-1 - SE Centro CTR 230/88 kV – 2 x 250 MVA; N-1-1 - SE Centro CTR 230/20 kV – 2 x 123 + 1 x 135 MVA; N-2 - LT 230 kV Anhanguera – Centro C1 e C2; Mudança da classificação quanto à criticidade no atendimento à carga pós-contingência: N-2 - LT 345 kV Leste - Ramon R. Filho C1 e C2 - do C2 para C3; N-1-1 - SE Centro CTR 230/88 kV – 2 x 250 MVA - do C3 para C2; N-2 - LT 230 kV Anhanguera – Centro C1 e C2 - do C3 para C2; Mudança se tem equipamento reserva: N-1-1 - SE Centro CTR 230/88 kV – 2 x 250 MVA - Retiramos a indicação que havia transformação reserva. MUDANÇAS NECESSÁRIAS QUE NÃO ENVOLVEM OS DADOS DA ENEL-SP Retirar da Matriz de Diagnóstico o N-1-1 da SE Miguel Reale 345/20 kV – 3 x 135 MVA, pois a solução estrutural entrou em operação e o problema de N-1-1 deixa de existir. Aguardar parecer sobre emitissão do revisão do mensal
A23: Reanálise das sobrecargas dos TRs de Jupiá e Bom Jardim em função de não-flexiblização da capacidade pela Isa Energia | B23: Alexandre | D23: =NETWORKDAYS.INTL(PENDÊNCIAS!$I$1,C23,1) -> -32812 | E23: =C23-PENDÊNCIAS!$I$1 -> -45937 | F23: incluídas na revisão 06 do relatório de diretrizes
A24: Reavaliação do SEP de bloqueio do bipolo de Xingu - Estreito quando da perda dos disjuntores de interligação de barras | B24: Carol | D24: =NETWORKDAYS.INTL(PENDÊNCIAS!$I$1,C24,1) -> -32812 | E24: =C24-PENDÊNCIAS!$I$1 -> -45937 | F24: SEP indicado no pré-operacional. Avaliação com limites atuais de RSUL/TVZ 2022 indica a desativação. Reavaliar com novos limites/TVZ atualizado. Estender avaliação ao SEP de runback para sobrecarga quando da perda de apenas um disjuntor. Tratado pela EGE
A25: Colocar no SysPL SEP de TR de Bom Jardim | B25: Alexandre | C25: 45757 | D25: =NETWORKDAYS.INTL(PENDÊNCIAS!$I$1,C25,1) -> -129 | E25: =C25-PENDÊNCIAS!$I$1 -> -180 | F25: URGENTE
A26: Aumento de MUST no ponto de contratação SE Milton Fornasaro 88 kV, ENEL SP, SP, SGA-SAM-0032/2025 | B26: Alexandre | C26: 45761 | D26: =NETWORKDAYS.INTL(PENDÊNCIAS!$I$1,C26,1) -> -127 | E26: =C26-PENDÊNCIAS!$I$1 -> -176 | F26: Milon | G26: 1
A27: Aumento de MUST no ponto de conexão Da Mata - 138 kV, CPFL Paulista, SP, SGA-SAM-0031/2025 | B27: Carol | C27: 45761 | D27: =NETWORKDAYS.INTL(PENDÊNCIAS!$I$1,C27,1) -> -127 | E27: =C27-PENDÊNCIAS!$I$1 -> -176 | F27: Aumento de até 0,2 p.p. na LT 138 kV Três Irmãos - Valparaíso, entre as derivações Andradina e Mirandópolis | G27: 1
A28: Aumento de MUST no ponto de contratação SE Itaí 2 138 kV, CPFL Santa Cruz, SP, SGA-SAM-0030/2025 | B28: Carol | C28: 45761 | D28: =NETWORKDAYS.INTL(PENDÊNCIAS!$I$1,C28,1) -> -127 | E28: =C28-PENDÊNCIAS!$I$1 -> -176 | F28: OK | G28: 1
A29: Aumento de MUST no ponto de contratação Edgard de Souza - 88 kV, ENEL SP, SP, SGA-SPT-0038/2025 - DATA CENTER | B29: Alexandre | C29: 45769 | D29: =NETWORKDAYS.INTL(PENDÊNCIAS!$I$1,C29,1) -> -121 | E29: =C29-PENDÊNCIAS!$I$1 -> -168 | F29: conclusões encaminhadas para o chat plc e plm | G29: 1
A30: Parecer Técnico para Distribuidora ENEL SP - Aumento de MUST no ponto de contratação Edgard de Souza - 88 kV, SP, SGA-SPT-0038/2025 DATA CENTER | C30: 45769 | D30: =NETWORKDAYS.INTL(PENDÊNCIAS!$I$1,C30,1) -> -121 | E30: =C30-PENDÊNCIAS!$I$1 -> -168 | F30: Milon | G30: 1
A31: Parecer Técnico para Distribuidora ENEL SP - Aumento de MUST no ponto de contratação Edgard de Souza - 88 kV, SP, SGA-SPT-0040/2025 DATA CENTER | C31: 45769 | D31: =NETWORKDAYS.INTL(PENDÊNCIAS!$I$1,C31,1) -> -121 | E31: =C31-PENDÊNCIAS!$I$1 -> -168 | F31: Milon | G31: 1
A32: Avaliação de controle de tensão para Norma: abertura da LT440ASS-TAQ | C32: 45763 | D32: =NETWORKDAYS.INTL(PENDÊNCIAS!$I$1,C32,1) -> -125 | E32: =C32-PENDÊNCIAS!$I$1 -> -174 | F32: Verificamos que esta LT ñ é utilizada para esta finalidade há 6 anos, conforme tableau. A restrição existente em capivara (150 MW) é para evitar oscilação na ctg da LT440ASS-CAP
A33: Aumento de MUST Flexível - SE Solvay 440 kV, Unipar Indupa do Brasil, SP, SGA-SFX-0004/2025 | C33: 45775 | D33: =NETWORKDAYS.INTL(PENDÊNCIAS!$I$1,C33,1) -> -117 | E33: =C33-PENDÊNCIAS!$I$1 -> -162 | G33: 1
A34: Aumento dos valores de MUST em 3 pontos de contratação, Elektro Redes, SP, SGA-SAM-0038/2025 | C34: 45775 | D34: =NETWORKDAYS.INTL(PENDÊNCIAS!$I$1,C34,1) -> -117 | E34: =C34-PENDÊNCIAS!$I$1 -> -162 | G34: 3
A35: Aumento dos valores de MUST no ponto Barra Bonita 138 kV, CPFL Paulista, SP, SGA-SAM-0041/2025 | C35: 45775 | D35: =NETWORKDAYS.INTL(PENDÊNCIAS!$I$1,C35,1) -> -117 | E35: =C35-PENDÊNCIAS!$I$1 -> -162 | G35: 1
A36: Parecer de acesso para aumento dos valores de MUST no ponto de contratação UTE Cocal 88 kV, ESS, SP, SGA-SAM-0042/2025 | C36: 45782 | D36: =NETWORKDAYS.INTL(PENDÊNCIAS!$I$1,C36,1) -> -112 | E36: =C36-PENDÊNCIAS!$I$1 -> -155 | G36: 1
A37: Análises das obras do 2Q25 | C37: 45491 | D37: =NETWORKDAYS.INTL(PENDÊNCIAS!$I$1,C37,1) -> -319 | E37: =C37-PENDÊNCIAS!$I$1 -> -446 | F37: - TR1 500/138 kV Água Vermelha - TR5 e TR6 230/88 kV Manoel da Nóbrega?
A38: Avaliação dos impactos da perda do bipolo de Furnas com o remanescente desligado para intervenção de modernização | B38: Carol | C38: 45709 | D38: =NETWORKDAYS.INTL(PENDÊNCIAS!$I$1,C38,1) -> -163 | E38: =C38-PENDÊNCIAS!$I$1 -> -228 | F38: Criado PTC com os impactos da perda de um bipolo. Documento revisado para contemplar a polos conectadas à LTs de bipolos diferentes
A39: Parecer Técnico para Distribuidora - Aumento de MUST no ponto de contratação JANDIRA - 88 kV, ENEL SP, SP, SGA-SPT-0052/2025 - DATA CENTER | B39: Carol | C39: 45803 | D39: =NETWORKDAYS.INTL(PENDÊNCIAS!$I$1,C39,1) -> -97 | E39: =C39-PENDÊNCIAS!$I$1 -> -134 | F39: DATA CENTER | G39: 1
A40: Aumento dos valores de MUST em 4 pontos de contratação, Elektro Redes, SP, SGA-SAM-0050/2025 | B40: Rafaella | C40: 45803 | D40: =NETWORKDAYS.INTL(PENDÊNCIAS!$I$1,C40,1) -> -97 | E40: =C40-PENDÊNCIAS!$I$1 -> -134 | F40: Análise feita e resultados alinhados com o Milon. | G40: 4
A41: Aumento dos valores de MUST no ponto de contratação LEME 2138kVA, Elektro Redes, SP, SGA-SAM-0051/2025 | B41: Carol | C41: 45803 | D41: =NETWORKDAYS.INTL(PENDÊNCIAS!$I$1,C41,1) -> -97 | E41: =C41-PENDÊNCIAS!$I$1 -> -134 | F41: INTERROMPIDO - PLM solicitará nova tabela de valores de confiabilidade atualizada para possibilitar a aprovação | G41: 1
A42: Análise de rede alterada da LT 138 kV Jales - Boa Hora com impacto na integração do TR10 500/138 kV Água Vermelha | B42: Alexandre | C42: 45800 | D42: =NETWORKDAYS.INTL(PENDÊNCIAS!$I$1,C42,1) -> -98 | E42: =C42-PENDÊNCIAS!$I$1 -> -137 | F42: Finalizado e entregue para EGE
A43: Avaliação de limites de interligação com SEP NNE-SECO | B43: Carol | C43: 45467 | D43: =NETWORKDAYS.INTL(PENDÊNCIAS!$I$1,C43,1) -> -337 | E43: =C43-PENDÊNCIAS!$I$1 -> -470
A44: Parecer Técnico para Aumento de MUST em 2 pontos de contratação, Energisa Sul-Sudeste, SP, SGA-SAM-0075/2025 | C44: 45831 | D44: =NETWORKDAYS.INTL(PENDÊNCIAS!$I$1,C44,1) -> -77 | E44: =C44-PENDÊNCIAS!$I$1 -> -106 | F44: Pres.Venceslau e Brag.Paulista | G44: 2
A45: Contratação de MUST Flex - Energisa Sul-Sudeste - SE Maracaí 88 kV, SP, SGA-SFX-0005/2025 | C45: 45838 | D45: =NETWORKDAYS.INTL(PENDÊNCIAS!$I$1,C45,1) -> -72 | E45: =C45-PENDÊNCIAS!$I$1 -> -99 | G45: 1
A46: Parecer Técnico para Aumento de MUST no ponto de contratação JANDIRA 88 kV , ENEL SP, SP, SGA-SAM-0080/2025 - DATA CENTER | C46: 45838 | D46: =NETWORKDAYS.INTL(PENDÊNCIAS!$I$1,C46,1) -> -72 | E46: =C46-PENDÊNCIAS!$I$1 -> -99 | F46: A Distribuidora declarou que o aumento de MUST faz-se necessário para o atendimento da nova conexão do cliente Digital Lake Data Centers Ltda., cujo Parecer Técnico - RELATÓRIO ONS DTA-2025-PT-0065-R0, foi emitido pelo ONS. | G46: 1
A47: Parecer Técnico para Aumento de MUST em dois pontos de contratação, Elektro Redes, SP, SGA-SAM-0081/2025 | C47: 45838 | D47: =NETWORKDAYS.INTL(PENDÊNCIAS!$I$1,C47,1) -> -72 | E47: =C47-PENDÊNCIAS!$I$1 -> -99 | G47: 2
A48: CARTA: Carta da MEZ | B48: Alexandre / PLM | C48: 45846 | D48: =NETWORKDAYS.INTL(PENDÊNCIAS!$I$1,C48,1) -> -66 | E48: =C48-PENDÊNCIAS!$I$1 -> -91 | F48: https://onsbr.sharepoint.com/sites/infomais/Paginas/documentos/detalhe.aspx?idDocumento=126770&biblioteca=cartaons
A49: Aumento de MUST no ponto de contratação Ourinhos 2 - 88 kV, Jaguari de Energia, SP, SGA-SAM-0092/2025 | B49: Alexandre | C49: 45860 | D49: =NETWORKDAYS.INTL(PENDÊNCIAS!$I$1,C49,1) -> -56 | E49: =C49-PENDÊNCIAS!$I$1 -> -77 | F49: Ourinhos 2 – 88 Kv de outubro a dezembro/2025 | G49: 1
A50: Aumento dos valores de MUST no ponto de Contratação EMBRAPORT - 138 kV (A) - CPFL Piratininga, SP, SGA-SAM-0084/2025 | B50: Carol | C50: 45852 | D50: =NETWORKDAYS.INTL(PENDÊNCIAS!$I$1,C50,1) -> -62 | E50: =C50-PENDÊNCIAS!$I$1 -> -85 | G50: 1
A51: Aumento de MUST em 16 pontos de contratação, CPFL Paulista, SP, SGA-SAM-0090/2025 | B51: Alexandre | C51: 45860 | D51: =NETWORKDAYS.INTL(PENDÊNCIAS!$I$1,C51,1) -> -56 | E51: =C51-PENDÊNCIAS!$I$1 -> -77 | G51: 16
A52: Aumento de MUST em 2 pontos de contratação, Elektro Redes, SP, SGA-SAM-0088/2025 | B52: Alexandre | C52: 45860 | D52: =NETWORKDAYS.INTL(PENDÊNCIAS!$I$1,C52,1) -> -56 | E52: =C52-PENDÊNCIAS!$I$1 -> -77 | G52: 2
A53: Aumento de MUST em 4 pontos de contratação, CPFL Piratininga, SP, SGA-SAM-0091/2025 | C53: 45867 | D53: =NETWORKDAYS.INTL(PENDÊNCIAS!$I$1,C53,1) -> -51 | E53: =C53-PENDÊNCIAS!$I$1 -> -70 | G53: 4
A54: Aumento de MUST no ponto de contratação UTE Quatá II - 88 kV, ESS, SP, SGA-SAM-0097/2025 | C54: 45880 | D54: =NETWORKDAYS.INTL(PENDÊNCIAS!$I$1,C54,1) -> -42 | E54: =C54-PENDÊNCIAS!$I$1 -> -57 | G54: 1
A55: Aumento de MUST no ponto de contratação PETRO ATIBAIA - 138 kV (A), Elektro Redes, SP, SGA-SAM-0098/2025 | C55: 45881 | D55: =NETWORKDAYS.INTL(PENDÊNCIAS!$I$1,C55,1) -> -41 | E55: =C55-PENDÊNCIAS!$I$1 -> -56 | G55: 1
A56: Aumento de MUST no ponto de contratação MAIRIPORA - 138 kV (A) - SABESP, Elektro Redes, SP, SGA-SAM-0108/2025 | C56: 45888 | D56: =NETWORKDAYS.INTL(PENDÊNCIAS!$I$1,C56,1) -> -36 | E56: =C56-PENDÊNCIAS!$I$1 -> -49 | G56: 1
A57: Aumento de MUST em 3 pontos de contratação, Elektro Redes, SP, SGA-SAM-0123/2025 | B57: Alexandre | C57: 45894 | D57: =NETWORKDAYS.INTL(PENDÊNCIAS!$I$1,C57,1) -> -32 | E57: =C57-PENDÊNCIAS!$I$1 -> -43 | G57: 3
A58: NT de ESS - revisão de julho | B58: Alexandre | C58: 45868 | D58: =NETWORKDAYS.INTL(PENDÊNCIAS!$I$1,C58,1) -> -50 | E58: =C58-PENDÊNCIAS!$I$1 -> -69
A59: solicitação de aumento de MUST nos pontos de conexão Capivara, Irati Norte e Bateias, com o protocolo SGA-SAM-0113/2025 | B59: Alexandre | C59: 45901 | D59: =NETWORKDAYS.INTL(PENDÊNCIAS!$I$1,C59,1) -> -27 | E59: =C59-PENDÊNCIAS!$I$1 -> -36 | G59: 1
A60: CARTA: Ampliação de prazo para conclusão de Melhorias e Reforços autorizados a Centrais Elétricas Brasileiras S.A. – Eletrobras – Operação Sudeste | B60: Alexandre / PLM | C60: 45870 | D60: =NETWORKDAYS.INTL(PENDÊNCIAS!$I$1,C60,1) -> -48 | E60: =C60-PENDÊNCIAS!$I$1 -> -67 | F60: Está com o Vinícius para entregar minuta até 08/08/2025
A61: Aumento de MUST em 18 pontos de contratação, Elektro Redes, SP, SGA-SAM-0115/2025 | B61: Alexandre | C61: 45894 | D61: =NETWORKDAYS.INTL(PENDÊNCIAS!$I$1,C61,1) -> -32 | E61: =C61-PENDÊNCIAS!$I$1 -> -43 | G61: 18
A62: Aumento de MUST em 2 pontos de contratação, Energisa Sul-Sudeste, SP, SGA-SAM-0111/2025 | B62: Alexandre | C62: 45908 | D62: =NETWORKDAYS.INTL(PENDÊNCIAS!$I$1,C62,1) -> -22 | E62: =C62-PENDÊNCIAS!$I$1 -> -29 | G62: 2
A63: Aumento de MUST no ponto de contratação Frango Rico 138 kV, Elektro Redes, SP, SGA-SAM-0150/2025 | B63: Alexandre | C63: 45910 | D63: =NETWORKDAYS.INTL(PENDÊNCIAS!$I$1,C63,1) -> -20 | E63: =C63-PENDÊNCIAS!$I$1 -> -27 | G63: 1
A64: Acesso Permanente -SE Iporã 138 kV / SE Nestlé 138 kV - Revisão, CPFL Paulista, SP, SGA-SPA-0243/2025 | B64: Alexandre | C64: 45908 | D64: =NETWORKDAYS.INTL(PENDÊNCIAS!$I$1,C64,1) -> -22 | E64: =C64-PENDÊNCIAS!$I$1 -> -29 | G64: 1
A65: Aumento de MUST em 11 pontos de contratação, Elektro Redes, SP, SGA-SAM-0120/2025 - TEMPORADA DE VERÃO - Litoral Sul e Norte | B65: Alexandre | C65: 45895 | D65: =NETWORKDAYS.INTL(PENDÊNCIAS!$I$1,C65,1) -> -31 | E65: =C65-PENDÊNCIAS!$I$1 -> -42 | F65: Aguardando resposta da ISA Energia, prevista para a primeira semana de setembro | G65: 11
A66: Aumento de MUST no ponto de contratação HONDA 138 kV, Elektro Redes, SP, SGA-SAM-0148/2025 | B66: Alexandre | C66: 45922 | D66: =NETWORKDAYS.INTL(PENDÊNCIAS!$I$1,C66,1) -> -12 | E66: =C66-PENDÊNCIAS!$I$1 -> -15 | G66: 1
A67: Aumento de MUST no ponto de contratação Ramon Rebert Filho 88 kV, ENEL SP, SP, SGA-SAM-0147/2025 | B67: Alexandre | C67: 45922 | D67: =NETWORKDAYS.INTL(PENDÊNCIAS!$I$1,C67,1) -> -12 | E67: =C67-PENDÊNCIAS!$I$1 -> -15 | G67: 1
A68: Aumento de MUST no ponto de contratação PETRO ATIBAIA - 138 kV (A), Elektro Redes, SP, SGA-SAM-0155/2025 | C68: 45923 | D68: =NETWORKDAYS.INTL(PENDÊNCIAS!$I$1,C68,1) -> -11 | E68: =C68-PENDÊNCIAS!$I$1 -> -14 | G68: 1
A69: Aumento de MUST no ponto de contratação PETROBRAS ELK - 138 kV (A), Elektro Redes, SP, SGA-SAM-0153/2025 | C69: 45924 | D69: =NETWORKDAYS.INTL(PENDÊNCIAS!$I$1,C69,1) -> -10 | E69: =C69-PENDÊNCIAS!$I$1 -> -13 | G69: 1

Sheet CONCLUÍDOS 2024
A1: ATIVIDADES | B1: RESPONSÁVEL | C1: PREVISÃO DE TÉRMINO | D1: DIAS ÚTEIS | E1: TEMPO TOTAL | F1: OBSERVAÇÃO | H1: HOJE
A2: Análise do SEP de Dracena | B2: PLM/PLC (Rafa) | C2: 45329 | D2: =NETWORKDAYS.INTL($H$2,C2,1) -> -435 | E2: =C2-$H$2 -> -608 | F2: Encaminhado em 07/02 | H2: =TODAY() -> 45937
A3: Casos de cenários SP (RSUL, RSE/FSUL, ...) | C3: 45329 | D3: =NETWORKDAYS.INTL($H$2,C3,1) -> -435 | E3: =C3-$H$2 -> -608 | F3: Casos prontos em: https://onsbr.sharepoint.com/:f:/s/soumaisons/EhUtLuDgeYdOkX7daDXqv6oB0IjjeLRiKYl9Q5QCeNSZIg?e=wM1MSy
A4: Carta CTEEP - Desligamento no 345 kV devido obras viárias | C4: 45334 | D4: =NETWORKDAYS.INTL($H$2,C4,1) -> -432 | E4: =C4-$H$2 -> -603 | F4: Encaminhado para Janaína 09/02 Emitida 16/02
A5: Aumento de MUST (SGA-SAM-0004/2024) | B5: PLM/PLC | C5: 45348 | D5: =NETWORKDAYS.INTL($H$2,C5,1) -> -422 | E5: =C5-$H$2 -> -589 | F5: ILHA SOLTEIRA - 138 kV, ITAPEVA 138 kVA, JALES - 138 kV e TRES LAGOAS 1 - 138 kV, no período de maio a dezembro de 2024
A6: Aumento de MUST (SGA-SAM-0006/2024) | B6: PLM/PLC | C6: 45348 | D6: =NETWORKDAYS.INTL($H$2,C6,1) -> -422 | E6: =C6-$H$2 -> -589 | F6: CENTRO - 88 kV e ANHANGUERA - 88 kV, a partir de maio de 2024
A7: SEP de Rosana | B7: PLC | C7: 45338 | D7: =NETWORKDAYS.INTL($H$2,C7,1) -> -428 | E7: =C7-$H$2 -> -599 | F7: Avaliação para alteração da lógica após aumento de capacidade da LT Rosana - Alcídia Comunicado à EGP a inclusão/adequação no mensal - IMPLEMENTADO
A8: Parecer de Acesso Permanente -Revisão - SE UTE BIOPAV 138 kV, SP, SGA-RPA-0012/2024 | B8: Alexandre | C8: 45369 | D8: =NETWORKDAYS.INTL($H$2,C8,1) -> -407 | E8: =C8-$H$2 -> -568 | F8: poderá ser atendida condicionada a conclusão da obra de reconstrução/recondutoramento da LT 138 kV São José do Rio Preto – Catanduva, trecho de 49,3 km de extensão, CD, para capacidade mínima de 206/242 MVA, em condição normal/emergência de operação e obras associadas, autorizadas à ISA CTEEP através da ReA ANEEL nº 12.639/2022, com prazo contratual para 15 de março de 2025 e previstas atualmente pela Transmissora para 13/03/2026
A9: Aumento de MUST TAUBATE - 138 kV (A )- Neoenergia Elektro - SGA-SAM-0012/2024 | B9: Alexandre | C9: 45376 | D9: =NETWORKDAYS.INTL(PENDÊNCIAS!$I$1,C9,1) -> -402 | E9: =C9-PENDÊNCIAS!$I$1 -> -561 | F9: Atual p39/fp40MW
A10: Relatórios 2Q2024 - 440 kV, 345 kV e 500 kV (novo documento) | C10: 45379 | D10: =NETWORKDAYS.INTL(PENDÊNCIAS!$I$1,C10,1) -> -399 | E10: =C10-PENDÊNCIAS!$I$1 -> -558 | F10: incluir análise do C3 ARA-ARA2. Ver NCC em Araraquara OK CPFL ficou de atualizar limite da LT 138 kV São José do Rio Preto (ISA CTEEP) – Mirassol2 na derivação Primavera C1=143/143 e C2=151/151 OK CTEEP precisa atualizar limites das LTs 138 kV Euclides da Cunha - Mococa, Jales - Votuporanga II e São José do Rio Preto - Catanduva (restrição de vão baixo) OK
A11: UTE Univalem - Aumento de Exportação, CPFL Paulista, SP, SGA-SPT-0042/2024 | B11: Alexandre | C11: 45383 | D11: =NETWORKDAYS.INTL(PENDÊNCIAS!$I$1,C11,1) -> -397 | E11: =C11-PENDÊNCIAS!$I$1 -> -554 | F11: Não percebemos problemas nos casos de cenário do Quadrimestral.
A12: Aumento de MUST SUMARE - 138 kV (A) - Atendimento Microsoft CPQ11 - CPFL Paulista, SP, SGA-SAM-0010/2024 | B12: Alexandre | C12: 45383 | D12: =NETWORKDAYS.INTL(PENDÊNCIAS!$I$1,C12,1) -> -397 | E12: =C12-PENDÊNCIAS!$I$1 -> -554 | F12: Aprovado condicionado: fica condicionado a um fator de potência mínimo de 0,95
A13: MUST Flexível - UTE UNIVALEM - 138 kV (A), CPFL Paulista, SP, SGA-SFX-0005/2024 | B13: Alexandre | C13: 45390 | D13: =NETWORKDAYS.INTL(PENDÊNCIAS!$I$1,C13,1) -> -392 | E13: =C13-PENDÊNCIAS!$I$1 -> -547
A14: 1ª Reunião Técnico Gerencial | B14: Carol | C14: 45392 | D14: =NETWORKDAYS.INTL(PENDÊNCIAS!$I$1,C14,1) -> -390 | E14: =C14-PENDÊNCIAS!$I$1 -> -545 | F14: Datas da CTEEP recebidas dia 08/04/2024 e atualizadas no Novo SGIntegração dia 09/04/2024
A15: Modalidade de usina Barra Grande 80 MW em Barra bonita | C15: 45394 | D15: =NETWORKDAYS.INTL(PENDÊNCIAS!$I$1,C15,1) -> -388 | E15: =C15-PENDÊNCIAS!$I$1 -> -543 | F15: Avaliação já realizada e entregue
A16: Aumento de MUST no ponto de contratação Barra Bonita - 138 kV (A) - CPFL Paulista, SP, SGA-SAM-0026/2024 | B16: Alexandre | C16: 45411 | D16: =NETWORKDAYS.INTL(PENDÊNCIAS!$I$1,C16,1) -> -377 | E16: =C16-PENDÊNCIAS!$I$1 -> -526 | F16: passando dos atuais 46,0 MW para 51,0 MW , nos horários de ponta e fora de ponta, de 01 de julho de 2024 a 31 de dezembro de 2025 Documento já elaborado pela PLM
A17: Parecer de Acesso Permanente - CL SE SCALA III, SP, SGA-SPA-0028/2024 | B17: Alexandre | C17: 45404 | D17: =NETWORKDAYS.INTL(PENDÊNCIAS!$I$1,C17,1) -> -382 | E17: =C17-PENDÊNCIAS!$I$1 -> -533
A18: Avaliação do reator de Lorena | F18: Subtensão na perda dupla do 500 kV saindo de Lorena
A19: Aumento de MUST em 3 pontos de contratação - Energisa Sul-Sudeste (ESS), SP, SGA-SAM-0031/2024 | B19: Alexandre | C19: 45406 | D19: =NETWORKDAYS.INTL(PENDÊNCIAS!$I$1,C19,1) -> -380 | E19: =C19-PENDÊNCIAS!$I$1 -> -531
A20: Análise da suspensão da UTE Piratininga | B20: Rafaella | D20: =NETWORKDAYS.INTL(PENDÊNCIAS!$I$1,C20,1) -> -32812 | E20: =C20-PENDÊNCIAS!$I$1 -> -45937 | F20: Revisão da inequação p/ PD Piratininga - Interlagos no TR 345/230 kV BSA Configuração de UGs p/ superação em Henry Borden cobrado à EGP, já entregue e inserido no quadrimestral
A21: Indisponibilidade de um dos trafos de Sul | D21: =NETWORKDAYS.INTL(PENDÊNCIAS!$I$1,C21,1) -> -32812 | E21: =C21-PENDÊNCIAS!$I$1 -> -45937 | F21: Decidido incluir somente menção ao SGI (rev1 do relatório) para avaliações antes da PRI deveremos fazer um parecer técnico
A22: Atualização Planilha Atendimento à Capitais e Radiais Singelos | B22: PLC/PLM | C22: 45401 | D22: =NETWORKDAYS.INTL(PENDÊNCIAS!$I$1,C22,1) -> -383 | E22: =C22-PENDÊNCIAS!$I$1 -> -536 | F22: Entregue versão final, esperando gestores
A23: Aumento de MUST em 13 pontos de contratação - Elektro Redes, SP, SGA-SAM-0034/2024 | B23: Alexandre | C23: 45415 | D23: =NETWORKDAYS.INTL(PENDÊNCIAS!$I$1,C23,1) -> -373 | E23: =C23-PENDÊNCIAS!$I$1 -> -522 | F23: Avaliação já realizada, falta apenas resposta da CTEEP para o ponto "International"
A24: Aumento de MUST em 8 pontos de contratação - CPFL Paulista, SP, SGA-SAM-0028/2024 | B24: Alexandre | C24: 45414 | D24: =NETWORKDAYS.INTL(PENDÊNCIAS!$I$1,C24,1) -> -374 | E24: =C24-PENDÊNCIAS!$I$1 -> -523
A25: Avaliação das perdas duplas que não eram analisadas: LTs 230 kV São José dos Campos – Itapeti e São José dos Campos – Mogi das Cruzes LTs 500 kV Marimbondo II – Araraquara C2 e Marimbondo – Marimbondo II C2 LTs 500 kV Água Vermelha – Marimbondo e Marimbondo – Marimbondo II C3 | B25: Alexandre | D25: =NETWORKDAYS.INTL(PENDÊNCIAS!$I$1,C25,1) -> -32812 | E25: =C25-PENDÊNCIAS!$I$1 -> -45937 | F25: Perda dupla das LTs 230 kV São José dos Campos – Itapeti e São José dos Campos – Mogi das Cruzes: Não foram observados problemas de carregamento ou tensão utilizando os casos de estudo do 2Q2024 Perda dupla das LTs 500 kV Marimbondo II – Araraquara C2 e Marimbondo – Marimbondo II C2: Carregamento: LT 500 kV Marimbondo II - Araraquara C1 pode apresentar carregamento em torno do nominal para o caso de carga Máxima Noturna com RSUL = 12.000 MW; Tensão: Não foram observados problemas de tensão. Perda dupla das LTs 500 kV Água Vermelha – Marimbondo e Marimbondo – Marimbondo II C3: Não foram observados problemas de carregamento ou tensão utilizando os casos de estudo do 2Q2024
A26: Avaliação controle de tensão na região de H.Borden | B26: Alexandre | D26: =NETWORKDAYS.INTL(PENDÊNCIAS!$I$1,C26,1) -> -32812 | E26: =C26-PENDÊNCIAS!$I$1 -> -45937 | F26: Avaliar retirada das informações da IO. CPFL e CTEEP foram questionados sobre as faixas normatizadas para H.Borden 88 e 230 kV. Determinar n° mínimo de Ugs que mantém o controle de tensão adequado Resultados já estão na minuta do Volume 11 revisão 03
A27: BOJ-CAV | D27: =NETWORKDAYS.INTL(PENDÊNCIAS!$I$1,C27,1) -> -32812 | E27: =C27-PENDÊNCIAS!$I$1 -> -45937 | F27: contato com a CTEEP para verificar implementação de abertura automatizada via SAGE E-mail encaminhado 02/05/2024 com informações da sobrecarga. CTEEP informa impossibilidade de flexibilização e não irá implementar automatismo via SAGE, pois há previsão de implementação do SEP
A28: SEP para controle de carregamento em Ibiúna | B28: Alexandre | C28: - | D28: =NETWORKDAYS.INTL(PENDÊNCIAS!$I$1,C28,1) -> #VALUE! | E28: =C28-PENDÊNCIAS!$I$1 -> #VALUE! | F28: Avaliação resultou na impossibilidade de implementação do SEP, pois há violação do 1ºSWG(0,70pu)
A29: Avaliação de desempenho dinâmico da área SP com o "novo" critério de 1ºSWG (0,70pu) | B29: Alexandre | C29: - | D29: =NETWORKDAYS.INTL(PENDÊNCIAS!$I$1,C29,1) -> #VALUE! | E29: =C29-PENDÊNCIAS!$I$1 -> #VALUE! | F29: Foram avaliadas todas contingências de SP e não foram verificadas violações de 1º ou 2º swing
A30: Avaliar questionamentos da Operação: "a dupla de Araraquara/Poços e Araraquara/Campinas não provoca sobrecarga na LT 440 kV Araraquara / Araraquara 2 C1 e C2 por causa do desligamento da Araraquara / Marimbondo II" | B30: Alexandre | D30: =NETWORKDAYS.INTL(PENDÊNCIAS!$I$1,C30,1) -> -32812 | E30: =C30-PENDÊNCIAS!$I$1 -> -45937 | F30: Deverá ser adequado o volume de 500 kV do SECO. Quando da perda dupla citada, sai também a LT 500 kV Araraquara - Marimbondo II C2 por causa do arranjo em anel. A saída desta LT junto com a dupla reduz o carregamento no 440 kV
A31: Avaliar as perdas duplas de SP com atenção ao arranjo das Subestações, para ter certeza que não sai nenhum outro equipamento junto | B31: Alexandre | D31: =NETWORKDAYS.INTL(PENDÊNCIAS!$I$1,C31,1) -> -32812 | E31: =C31-PENDÊNCIAS!$I$1 -> -45937 | F31: Foi necessário alterar os decks de contingências, mas sem consequências necessárias para alterar nos relatórios Contingência Dupla das LTs 230 kV Taubaté – Aparecida C1 e Aparecida – GV do Brasil (LTs em mesma estrutura) LT 230 kV LORENA - APARECIDA C1 FICA EM VAZIO Contingência Dupla da LT 230 kV Aparecida – Lorena (LT em mesma estrutura) LT 230 kV APARECIDA - TAUBATÉ FICA EM VAZIO Contingência Dupla da LT 500 kV Araraquara – Marimbondo 2 (LT em mesma estrutura) LT 500 kV ARARAQUARA - POÇOS FICA EM VAZIO Contingência Dupla das LTs 500 kV Araraquara – Campinas e Araraquara – Poços de Caldas (LTs em mesma estrutura) LT 500 kV ARARAQUARA - MARIMBONDO II C2 FICA EM VAZIO
A32: Aumento de MUST no ponto de contratação Candido Mota - 88 kV (A) - Energisa Sul-Sudeste, SP, SGA-SAM-0043/2024 | B32: Alexandre | C32: 45440 | D32: =NETWORKDAYS.INTL(PENDÊNCIAS!$I$1,C32,1) -> -356 | E32: =C32-PENDÊNCIAS!$I$1 -> -497 | F32: Sem problemas para aumento de MUST. Aguardando revisão do documento pela PLM
A33: Aumento de MUST no ponto de contratação ITATIBA - 138 kV - CPFL Paulista, SP, SGA-SAM-0053/2024 | B33: Alexandre | C33: 45453 | D33: =NETWORKDAYS.INTL(PENDÊNCIAS!$I$1,C33,1) -> -347 | E33: =C33-PENDÊNCIAS!$I$1 -> -484
A34: Aumento de MUST em 4 pontos de contratação - Elektro Redes, SP, SGA-SAM-0046/2024 GUARIROBA 1 - 138 kV (A); AJINOMOTO BIO - 138 kV (A); PETR S ISABEL - 88 kV (A); PETROBRAS ELK - 138 kV (A) | B34: Alexandre | C34: 45446 | D34: =NETWORKDAYS.INTL(PENDÊNCIAS!$I$1,C34,1) -> -352 | E34: =C34-PENDÊNCIAS!$I$1 -> -491
A35: Reavaliar controle de tensão para condição de abertura da EST-FDI e EST-CPA | B35: Carol | F35: Parametrização ok
A36: Avaliação de carregamento C3 LT 440 kV Araraquara - Araraquara 2 com os casos do 3Q24 | B36: Alexandre | D36: =NETWORKDAYS.INTL(PENDÊNCIAS!$I$1,C36,1) -> -32812 | E36: =C36-PENDÊNCIAS!$I$1 -> -45937 | F36: Casos avaliados e nivelados com EGE e EGP, seria necessário runback de 1.500 MW para eliminar sobrecarga inadmissível de 12% caso de máxima noturna com geração interna de SP em 2.500 MW e IPU60 5000 Na hora de planejar o SEP a proprietária do C3 flexibilizou a capacidade do circuito
A37: Aumento de MUST em oito pontos de contratação - Energisa Sul-Sudeste, SP, SGA-SAM-0063/2024 | B37: Rafaella | C37: 45474 | D37: =NETWORKDAYS.INTL(PENDÊNCIAS!$I$1,C37,1) -> -332 | E37: =C37-PENDÊNCIAS!$I$1 -> -463 | F37: Assis I, Bastos, Capivara, Eneida, Itajobi, Palmital, Rancharia e Tupã
A38: Aumento de MUST em 2 pontos de contratação - Elektro Redes, SP, SGA-SAM-0062/2024 | B38: Carol | C38: 45474 | D38: =NETWORKDAYS.INTL(PENDÊNCIAS!$I$1,C38,1) -> -332 | E38: =C38-PENDÊNCIAS!$I$1 -> -463 | F38: D.QUIMICA ELK - 138 kV (A) e HONDA ELK - 138 kV (A)), nos horários de ponta e fora de ponta, a partir de 01 de setembro de 2024 HONDA ELK - 138 kV (A) OK D.QUIMICA ELK - 138 kV (A) OK desconsiderando parcela de confiabilidade da distribuidora
A39: Aumento dos valores de MUST no ponto de Contratação VOTUPORANGA 1 - 138 kV (A) - Elektro Redes, SP, SGA-SAM-0075/2024 | B39: Alexandre | C39: 45495 | D39: =NETWORKDAYS.INTL(PENDÊNCIAS!$I$1,C39,1) -> -317 | E39: =C39-PENDÊNCIAS!$I$1 -> -442 | F39: negado por falta das obras: recap. BOH-JAL-VOT e TR440/138AGV
A40: Aumento dos valores de MUST no ponto de Contratação EMBRAPORT - 138 kV (A) - CPFL Piratininga, SP, SGA-SAM-0067/2024 | B40: Alexandre | C40: 45495 | D40: =NETWORKDAYS.INTL(PENDÊNCIAS!$I$1,C40,1) -> -317 | E40: =C40-PENDÊNCIAS!$I$1 -> -442 | F40: sem restrições: LT 138 kV Baixada - V. Carvalho (159/191) em 70% Mas problemas em regime na LT 138 kV Santo Ângelo - Bertioga II
A41: Acesso Permanente - SE João Pereira de Souza 138 kV, CERIPA, SP, SGA-SPA-0120/2024 | B41: Alexandre | C41: 45495 | D41: =NETWORKDAYS.INTL(PENDÊNCIAS!$I$1,C41,1) -> -317 | E41: =C41-PENDÊNCIAS!$I$1 -> -442 | F41: A Cooperativa de Eletrificação Rural de Itaí Paranapanema Avaré LTDA - CERIPA, na qualidade de Agente de Distribuição – Permissionária, formalizou ao ONS solicitação de acesso para conexão de nova subestação JOÃO PEREIRA DE SOUZA 138/69 kV, em derivação dupla na LT 138kV Jurumirim - Capão Bonito, rede classificada como DIT, de propriedade da ISA CTEEP, com previsão de entrada em operação em 30/11/2024.
A42: Análises das obras do 3Q24 | C42: 45491 | D42: =NETWORKDAYS.INTL(PENDÊNCIAS!$I$1,C42,1) -> -319 | E42: =C42-PENDÊNCIAS!$I$1 -> -446 | F42: - TR6 440/138 kV Água Vermelha - Seccionamento LT 345 kV Ibiuna - Tijuco Preto C2 na SE Sul - TR3 440/138 kV Mirassol
A43: Aumento dos valores de MUST no ponto de Contratação B. SANTISTA - 88 kV) - CPFL Piratininga, SP, SGA-SAM-0079/2024 | B43: Rafaella | C43: 45509 | D43: =NETWORKDAYS.INTL(PENDÊNCIAS!$I$1,C43,1) -> -307 | E43: =C43-PENDÊNCIAS!$I$1 -> -428 | F43: OK
A44: Aumento dos valores de MUST em três pontos de Contratação - CPFL Paulista, SP, SGA-SAM-0078/2024 | B44: Carol | C44: 45509 | D44: =NETWORKDAYS.INTL(PENDÊNCIAS!$I$1,C44,1) -> -307 | E44: =C44-PENDÊNCIAS!$I$1 -> -428 | F44: M. MORAES - 138 kV (A) e BAGUACU138kVA OK BADY BASSITT138kVA OK desconsiderando parcela de confiabilidade da distribuidora e fp 0,95
A45: Aumento de MUST no ponto de contratação BRA. PAULISTA - 138 kV (A) - Energisa Sul-Sudeste, SP, SGA-SAM-0091/2024 | B45: Alexandre | C45: 45530 | D45: =NETWORKDAYS.INTL(PENDÊNCIAS!$I$1,C45,1) -> -292 | E45: =C45-PENDÊNCIAS!$I$1 -> -407 | F45: barramento de 138 kV da SE Bragança Paulista, para 185,0 MW e 200,0 MW, no período de novembro/2024 a dezembro/2024. Aprovado sem restrições - casos de MUST
A46: Aumento de MUST no ponto de contratação CASA BRANCA 5 - 138 kV (A) - Cia. Jaguari de Energia (CPFL Santa Cruz), SP, SGA-SAM-0096/2024 | B46: Alexandre | C46: 45558 | D46: =NETWORKDAYS.INTL(PENDÊNCIAS!$I$1,C46,1) -> -272 | E46: =C46-PENDÊNCIAS!$I$1 -> -379 | F46: Casa branca 5, 12,6 para 15,6 e 11,3 para 14,3 ----> aumenta 0,3 MW na LT 138 kV R. Preto - Porto Ferreira (lt em sobrecarga) para geração baixa no tiete/paranap. Entregue para contribuições da PLM
A47: Avaliação de impacto da usina Barra Grande e Barra Grande/Lençóis na DIT (SE Barra Bonita) para estudos pré-operacionais (EGE-Arjan) | B47: Alexandre | C47: 45540 | D47: =NETWORKDAYS.INTL(PENDÊNCIAS!$I$1,C47,1) -> -284 | E47: =C47-PENDÊNCIAS!$I$1 -> -397 | F47: Após avaliação não foi encontrado nenhum problema
A48: Contribuição na apresentação do GT-SP | B48: Carol | C48: 45534 | D48: =NETWORKDAYS.INTL(PENDÊNCIAS!$I$1,C48,1) -> -288 | E48: =C48-PENDÊNCIAS!$I$1 -> -403 | F48: Obras em operação; pontos de atenção no curto prazo
A49: Avaliar e documentar as indisponibilidades de longa duração da área SP Para 2º Quadrimestral | B49: Rafaella | D49: =NETWORKDAYS.INTL(PENDÊNCIAS!$I$1,C49,1) -> -32812 | E49: =C49-PENDÊNCIAS!$I$1 -> -45937 | F49: Casos de setembro LT 345 kV Baixada Santista / Sul (de 14/08 até 03/10/2024) => observamos sobrecarga em regime permanente na LT 345 kV Embu-Guaçu - Sul e tensões violadas na SE Sul. Esta sobrecarga está diretamente relacionada a carga e fluxo de potência reativa. - MEDIDAS SEMELHANTES A SGI 41.653-24 (RETORNO DA LT VIA DJ PARALELO) SE Sul TR-3 345-88 kV (de 01/08 até 30/11/2024) - JÁ MAPEADO CONFORME DOCUMENTO DA PRI SE Aparecida TR-3 230-88 kV (de 10/08 até 09/12/2024) - JÁ MAPEADO CONFORME DOCUMENTO DA PRI SE Santa Bárbara d'Oeste TR-3 440-138 kV (de 22/09 até 27/10/2024) - SEM IMPACTOS SIGNIFICATIVOS PARA O SIN SE Embu-Guaçu TR-3 e TR-5 440-345 kV (de 28/09 até 14/12/2024, cada transformador desligado por 1/2 do período total) observamos risco de sobrecarga inadmissível na LT 345 kV Embu-Guaçu - Sul quando da contingência dupla das LTs 345 kV Baixada Santista - Sul e Baixada Santista - Embu-Guaçu. Esta sobrecarga está diretamente relacionada a carga da SE Sul e fluxo de potência reativa. - ACE DE TRANSFERÊNCIA DE CARGA LT 230 kV Botucatu / Capão Bonito (de 18/09 até 18/10/2024): observamos risco de subtensão no 138 kV de Itararé quando da perda da transformação 230/138 kV de Itararé 2. É possível mitigar o problema citado com utilização de recursos da rede DIT, no entanto, essas medidas operativas são fora da rede de operação do ONS e, portanto, sem nossa ação direta. - CONFIGURAÇÃO DE BCs LIGADOS SE Piratininga TR-5, TR-7 e TR-8 230-88 kV (de 18/08 até 19/10/2024, cada transformador desligado por 1/3 do período total) => fazer sensibilidade com a carga de pedreira SE Embu-Guaçu Reatores RE-2 e RE-3 440 kV (RE-2 de 05/08 até 05/09/2024 e RE-3 de 17/08 até 21/09/2024, ou seja, há sobreposição) LT 230 kV Henry Borden / Piratininga (de 20/10 até 08/11/2024) => Menos de 30 dias não analisamos LT 345 kV Embu-Guaçu / Baixada Santista (de 06/10 até 21/10/2024) => Menos de 30 dias não analisamos
A50: Avaliar e documentar as indisponibilidades de longa duração da área SP Para 3º Quadrimestral | D50: =NETWORKDAYS.INTL(PENDÊNCIAS!$I$1,C50,1) -> -32812 | E50: =C50-PENDÊNCIAS!$I$1 -> -45937 | F50: Casos de dezembro 11. SE Santa Bárbara d'Oeste TR-1 440-138 kV (de 25/11 até 25/01/2025) 12. SE Baixada Santista TR-7 230-138 kV (de 21/11 até 10/01/2025) 13. LT 230 kV Chavantes / Piraju (de 30/10 até 20/12/2024) 14. LT 345 kV Leste / Tijuco Preto (de 05/11 até 18/12/2024)
A51: Avaliação dinâmica com os casos do 3Q24 | B51: alexandre | D51: =NETWORKDAYS.INTL(PENDÊNCIAS!$I$1,C51,1) -> -32812 | E51: =C51-PENDÊNCIAS!$I$1 -> -45937
A52: Parecer de Acesso Permanente - CL DCT Synergy Campus Jundiaí I - SPE, SE DCT Synergy Campus Jundiaí 440/34,5 kV (GIS), SP, SGA-SPA-0175/2024 | B52: alexandre | C52: 45565 | D52: =NETWORKDAYS.INTL($H$2,C52,1) -> -267 | E52: =C52-$H$2 -> -372
A53: Aumento de MUST em 16 pontos de contratação - Elektro Redes, SP, SGA-SAM-0101/2024 | B53: Carol | C53: 45570 | D53: =NETWORKDAYS.INTL($H$2,C53,1) -> -262 | E53: =C53-$H$2 -> -367 | F53: Temporada de Verão
A54: Oficio DT 033.24 - Simulação e Estudos - BTFs - Subestação Fernão Dias | B54: alexandre | D54: =NETWORKDAYS.INTL(PENDÊNCIAS!$I$1,C54,1) -> -32812 | E54: =C54-PENDÊNCIAS!$I$1 -> -45937 | F54: Transformação já utilizando fase reserva, quais impactos para o sistema com possíveis outros sinistros
A55: Revisão extraordinária relatórios - Aumento de capacidade da TAU-SJC | B55: Carol | D55: =NETWORKDAYS.INTL(PENDÊNCIAS!$I$1,C55,1) -> -32812 | E55: =C55-PENDÊNCIAS!$I$1 -> -45937 | F55: Necessidade de atualizar o relatório após as trocas dos equipamentos que limitam a capacidade da TAU-SJC Avaliar se o automatismo ainda é necessários, mesmo com nova capacidade R: Sim, há risco de sobrecarga de 99,9% do limite de emergência na PD F. Dias - B. Jardim + B. Jardim - Sumaré
A56: Análises das obras do 1Q25 | D56: =NETWORKDAYS.INTL(PENDÊNCIAS!$I$1,C56,1) -> -32812 | E56: =C56-PENDÊNCIAS!$I$1 -> -45937 | F56: - SE Domênico Rangoni - Reavaliar faixas de tensão de Água Vermelha 138 kV e Mirassol 138 kV devido às aberturas de Votuporanga II - São José do Rio Preto para controle de carregamento da LT 138 kV Boa Hora - Jales. Contingência crítica: TR 440/138 kV Água Vermelha
A57: Avaliação fluxo Rosana do 230 para 138 kV (defasador) | B57: Carol | C57: - | D57: =NETWORKDAYS.INTL(PENDÊNCIAS!$I$1,C57,1) -> #VALUE! | E57: =C57-PENDÊNCIAS!$I$1 -> #VALUE! | F57: Avaliação para atendimento ao MUST na região. Avaliação da CTG de um dos trafos e sobrecarga inadmissível no remanescente. Faixa proposta, sem considerar o uso do defasador como solução do problema de da Guaíra - Dourados: 60 MW - 190 MW Fatores limitantes: sobrecarga em regime na LT 138 kV Rosana - Mirante / sobrecarga no TRD de Rosana na contingência do paralelo (N-1)
A58: MUST Flexível - SE Carbocloro 230 kV, Unipar Carbocloro, SP, SGA-SFX-0013/2024 | B58: Alexandre/PLM | C58: 45607 | D58: =NETWORKDAYS.INTL(PENDÊNCIAS!$I$1,C58,1) -> -237 | E58: =C58-PENDÊNCIAS!$I$1 -> -330 | F58: solicitação de contratação de demanda flexível no setor de 230 kV da SE Carbocloro (CCL), subestação de propriedade da ISA CTEEP e integrante da Rede Básica. O montante requerido é de 13,0 MW, nos horários de ponta e fora de ponta
A59: Parecer Técnico para Distribuidora - SE UTE Açucareira Quatá 88 kV, Energisa Sul-Sudeste, SP, SGA-SPT-0139/2024 | B59: Alexandre/PLM | C59: 45615 | D59: =NETWORKDAYS.INTL(PENDÊNCIAS!$I$1,C59,1) -> -231 | E59: =C59-PENDÊNCIAS!$I$1 -> -322 | F59: solicitação de parecer técnico vislumbrando o aumento de injeção no SIN pela UTE Quatá 88 kV, passando dos atuais 25,0 MW para 31,5 MW
A60: Contratação de MUST Flex (Renovação) - Neoenergia Elektro - SE INTERNATIONAL 138 kV, SGA-SFX-0016/2024 | B60: Alexandre/PLM | C60: 45617 | D60: =NETWORKDAYS.INTL(PENDÊNCIAS!$I$1,C60,1) -> -229 | E60: =C60-PENDÊNCIAS!$I$1 -> -320 | F60: solicitação de contratação de demanda flexível, para o período de janeiro/2025 a dezembro/2025, no montante de 17 MW nos horários de ponta e fora de ponta
A61: Contratação de MUST Flex - Energisa Sul-Sudeste - SE Alto Alegre 138 kV, SP, SGA-SFX-0021/2024 | B61: Alexandre/PLM | C61: 45621 | D61: =NETWORKDAYS.INTL(PENDÊNCIAS!$I$1,C61,1) -> -227 | E61: =C61-PENDÊNCIAS!$I$1 -> -316 | F61: contratação de demanda flexível no ponto ALTO ALEGRE - 138 kV (SPUFA-138), no montante de 1,0 MW, nos horários de ponta e fora de ponta, para o período de março/2025 a dezembro/2025
A62: Contratação de MUST Flex (Renovação) - Neoenergia Elektro - SE V.CEL. PAPEL 138 kV, SP, SGA-SFX-0020/2024 | C62: 45617 | D62: =NETWORKDAYS.INTL(PENDÊNCIAS!$I$1,C62,1) -> -229 | E62: =C62-PENDÊNCIAS!$I$1 -> -320 | F62: solicitação de contratação de demanda flexível, para o período de maio/2025 a outubro/2025, nos montantes de 106 MW e 48 MW, nos horários de ponta e fora de ponta
A63: Recomendar no mensal desligamento da lógica de PD de Runback do Madeira após a entrada da LT 440 kV Araraquara - Araraquara 2 C3 | B63: Carol | C63: 45586 | D63: =NETWORKDAYS.INTL(PENDÊNCIAS!$I$1,C63,1) -> -252 | E63: =C63-PENDÊNCIAS!$I$1 -> -351 | F63: Desligamento via chave não precisa ser recomendado no SYSPL Recomendação emitida no mensal DEZ/2024
A64: Recomendar no mensal desinstalação do SEP de Gerdau e reajuste do SEP da LT 230 kV Taubaté - São José dos Campos após liberação dos novos limites | B64: Carol | C64: 45609 | D64: =NETWORKDAYS.INTL(PENDÊNCIAS!$I$1,C64,1) -> -235 | E64: =C64-PENDÊNCIAS!$I$1 -> -328 | F64: Solicitado o desligamento da chave on/off do SEP no dia 13/11/24 por e-mail para a PDP ACRESCENTAR RECOMENDAÇÃO DE REAJUSTE NO SYSPL
A65: Contratação de MUST Flex (Renovação) - Neoenergia Elektro - SE CARGILL 138 kV, SGA-SFX-0017/2024 | B65: Alexandre/PLM | C65: 45617 | D65: =NETWORKDAYS.INTL(PENDÊNCIAS!$I$1,C65,1) -> -229 | E65: =C65-PENDÊNCIAS!$I$1 -> -320 | F65: solicitação de contratação de demanda flexível, para o período de janeiro/2025 a dezembro/2025, no montante de 3,5 MW e 3,0 MW, nos horários de ponta e fora de ponta
A66: Contratação de MUST Flex (Renovação) - Neoenergia Elektro - SE CONPACEL 138 kV, SP, SGA-SFX-0018/2024 | B66: Alexandre/PLM | C66: 45617 | D66: =NETWORKDAYS.INTL(PENDÊNCIAS!$I$1,C66,1) -> -229 | E66: =C66-PENDÊNCIAS!$I$1 -> -320 | F66: solicitação de contratação de demanda flexível, para o período de janeiro/2025 a dezembro/2025, no montante de 15 MW nos horários de ponta e fora de ponta Sobrecarga no N-1: LT 440 kV Araraquara - Mogi Mirim 3
A67: Contratação de MUST Flex (Renovação) - Neoenergia Elektro - SE GUARIROBA 138 kV, SP, SGA-SFX-0019/2024 | B67: Alexandre/PLM | C67: 45617 | D67: =NETWORKDAYS.INTL(PENDÊNCIAS!$I$1,C67,1) -> -229 | E67: =C67-PENDÊNCIAS!$I$1 -> -320 | F67: solicitação de contratação de demanda flexível, para o período de janeiro/2025 a dezembro/2025, no montante de 15 MW nos horários de ponta e fora de ponta
A68: Aumento de MUST no ponto de contratação Mogi Mirim II - 138 kV, CPFL Paulista, SP, SGA-SAM-0110/2024 | B68: Carol/PLM | C68: 45621 | D68: =NETWORKDAYS.INTL(PENDÊNCIAS!$I$1,C68,1) -> -227 | E68: =C68-PENDÊNCIAS!$I$1 -> -316 | F68: aumento de MUST no barramento de 138 kV da SE Mogi Mirim II, prevista a partir do mês de fevereiro/2025, no montante de mais 2,0 MW, nos horários de ponta e fora de ponta
A69: Aumento de MUST no ponto de contratação Aparecida - 88 kV, EDP São Paulo, SP, SGA-SAM-0109/2024 | B69: Carol/PLM | C69: 45621 | D69: =NETWORKDAYS.INTL(PENDÊNCIAS!$I$1,C69,1) -> -227 | E69: =C69-PENDÊNCIAS!$I$1 -> -316 | F69: aumentos de MUST no ponto de conexão APARECIDA - 88 kV, nos horários de ponta e fora de ponta, a partir de fevereiro de 2025
A70: Reserva de Capacidade (Renovação) - UTE Cubatão - SE Cubatão 230 kV - Petrobras, SP, SGA-SRC-0031/2024 | B70: Carol/PLM | C70: 45621 | D70: =NETWORKDAYS.INTL(PENDÊNCIAS!$I$1,C70,1) -> -227 | E70: =C70-PENDÊNCIAS!$I$1 -> -316 | F70: UTE Cubatão, formalizou ao ONS solicitação de contratação de reserva de capacidade, no montante de 56 MW nos horários de ponta e fora de ponta
A71: RECON da capital e área Atibaia-Mogi | B71: Carol | C71: 45625 | D71: =NETWORKDAYS.INTL(PENDÊNCIAS!$I$1,C71,1) -> -223 | E71: =C71-PENDÊNCIAS!$I$1 -> -312
A72: Aumento de MUST no ponto de contratação SE Bracell - 440 kV, UTE Bracell, SP, SGA-RPA-0074/2024 | B72: Carol | C72: 45643 | D72: =NETWORKDAYS.INTL(PENDÊNCIAS!$I$1,C72,1) -> -211 | E72: =C72-PENDÊNCIAS!$I$1 -> -294
A73: Parecer Técnico para Distribuidora - SE UTE PAULINIA VERDE, CPFL PAULISTA, SP, SGA-SPT-0147/2024 | B73: Alexandre | C73: 45636 | D73: =NETWORKDAYS.INTL(PENDÊNCIAS!$I$1,C73,1) -> -216 | E73: =C73-PENDÊNCIAS!$I$1 -> -301 | F73: Não identificamos dificuldades no atendimento com o aumento de 5 MW de injeção. Já passamas a informação para a PLM, fica faltando o documento
A74: Aumento da injeção pela UTE São José da Estiva, Energisa Sul-Sudeste, SP, SGA-SPT-0162/2024 | B74: Alexandre | C74: 45649 | D74: =NETWORKDAYS.INTL(PENDÊNCIAS!$I$1,C74,1) -> -207 | E74: =C74-PENDÊNCIAS!$I$1 -> -288
A75: Revisão da faixa de tensão da SE Araraquara 2 500 kV | B75: Carol | D75: =NETWORKDAYS.INTL(PENDÊNCIAS!$I$1,C75,1) -> -32812 | E75: =C75-PENDÊNCIAS!$I$1 -> -45937 | F75: Solicitação da sala de controle encaminhada via e-mail pela Karla dia 13/03/2024 Verificar carga global com MMGD vs. Sem MMGD quando tem condicionantes relacionadas a intercâmbio Tivemos uma conversa conjunta PDP, interligação S/SE e SP. O problema foi resolvido.
A76: Aumento de MUST no ponto de contratação PETRO ATIBAIA - 138 kV (A), Elektro, SP, SGA-SAM-0116/2024 | B76: Alexandre | C76: 45650 | D76: =NETWORKDAYS.INTL(PENDÊNCIAS!$I$1,C76,1) -> -206 | E76: =C76-PENDÊNCIAS!$I$1 -> -287
A77: Sobrecarga 230 kV para Pdupla quando bombeamento Pedreira ligado | C77: 45331 | D77: =NETWORKDAYS.INTL(PENDÊNCIAS!$I$1,C77,1) -> -433 | E77: =C77-PENDÊNCIAS!$I$1 -> -606 | F77: E-mail encaminhado para CTEEP solicitando flexibilização. OK (Flex. Recebida por e-mail 29/02/2024). Inequação já implementada. Conversar com EGP sobre SEP e recomendar no mensal de Abril
A78: Perda dupla Chavantes - Botucatu C4 + Jurumirim - Avaré Nova | B78: PLC | C78: 45344 | D78: =NETWORKDAYS.INTL(PENDÊNCIAS!$I$1,C78,1) -> -424 | E78: =C78-PENDÊNCIAS!$I$1 -> -593 | F78: Encaminhar e-mail solicitando flexibilização Inequação normatizada Verificar recomendação de SEP Como é mesma faixa de passagem vamos aguardar cair o critério para "acabar o problema"
A79: TR 440/138 kV Jupiá - risco de sobrecarga na perda JUP-MAR dupla | C79: 45323 | D79: =NETWORKDAYS.INTL(PENDÊNCIAS!$I$1,C79,1) -> -439 | E79: =C79-PENDÊNCIAS!$I$1 -> -614 | F79: 130% da capacidade nominal do TR-15, 440–138 kV, da SE Jupiá por até dez minutos POR EMAIL 04/04/24 Avaliar recomendação de SEP Como é mesma faixa de passagem vamos aguardar cair o critério para "acabar o problema"
